day,mean,p10,p90
1,97.775,95.0,100.0
2,95.575,92.5,100.0
3,93.775,90.0,97.5
4,92.15,85.0,97.5
5,91.725,87.5,97.5
6,91.0,85.0,97.5
7,91.0,85.0,97.5
8,90.225,82.5,95.0
9,89.8,82.5,97.5
10,89.6,82.5,97.5
11,89.625,82.5,95.25000000000003
12,89.45,82.5,97.5
13,89.5,82.5,97.5
14,89.125,80.0,97.5
15,88.675,80.0,95.0
16,88.9,82.25,95.0
17,88.8,80.0,95.0
18,89.3,82.25,97.5
19,89.075,82.25,97.5
20,88.8,80.0,97.5
21,89.025,80.0,97.5
22,88.95,82.25,97.5
23,89.0,80.0,97.5
24,89.275,80.0,97.5
25,88.65,80.0,95.0
26,88.5,80.0,95.0
27,88.65,80.0,95.0
28,88.525,80.0,97.5
29,88.0,80.0,97.5
30,88.275,80.0,95.0
31,88.35,80.0,95.0
32,87.975,77.5,97.5
33,87.9,77.5,97.5
34,87.9,77.5,97.5
35,87.625,77.5,95.0
36,87.775,80.0,95.0
37,87.75,79.75,95.0
38,88.2,80.0,95.0
39,87.975,79.75,95.0
40,87.75,80.0,95.0
41,87.8,79.75,95.0
42,87.775,80.0,95.0
43,87.975,80.0,95.0
44,88.2,77.5,95.0
45,88.2,77.5,95.0
46,87.85,77.5,95.0
47,87.85,77.25,95.25000000000003
48,88.05,77.5,95.0
49,88.2,77.5,97.5
50,88.525,77.5,97.5
51,88.225,77.25,97.5
52,88.025,79.75,95.0
53,88.3,77.5,97.5
54,87.7,77.25,95.25000000000003
55,87.825,77.5,95.0
56,88.0,79.75,95.25000000000003
57,88.2,77.5,95.0
58,88.675,77.5,97.5
59,88.05,77.5,95.0
60,88.075,77.5,95.0
