trial,readiness,cost,failures,completed,waiting_vehicle_days,parts_ordered
0,91.54166666666667,82500,53,46,51,49
1,87.08333333333333,85000,57,51,144,54
2,91.91666666666667,85500,55,53,37,55
3,90.08333333333333,84500,54,50,85,53
4,88.5,84000,54,50,126,52
5,92.625,80500,45,44,43,45
6,83.54166666666667,86000,63,53,229,56
7,87.125,84500,56,50,150,53
8,90.54166666666667,84000,56,49,72,52
9,88.29166666666667,86000,56,53,120,56
10,84.45833333333333,80500,54,42,230,45
11,81.08333333333333,87000,62,55,280,58
12,88.66666666666667,86000,57,53,101,56
13,94.125,78000,42,37,25,40
14,93.375,78500,41,39,35,41
15,79.125,87500,63,57,328,59
16,90.29166666666667,85000,54,51,75,54
17,88.625,85000,57,51,109,54
18,89.375,85500,59,52,84,55
19,85.375,85500,59,52,180,55
20,91.66666666666667,81000,48,43,64,46
21,88.75,85500,56,52,109,55
22,91.66666666666667,85000,54,51,43,54
23,93.16666666666667,82000,48,46,21,48
24,79.95833333333333,85500,55,53,311,55
25,92.375,81500,48,44,48,47
26,85.04166666666667,86500,58,54,185,57
27,90.45833333333333,84000,56,49,78,52
28,83.08333333333333,85000,64,51,247,54
29,88.91666666666667,85500,55,53,106,55
30,90.58333333333333,84500,53,51,74,53
31,94.375,77000,38,35,17,38
32,91.875,80500,45,44,54,45
33,90.66666666666667,83500,56,48,72,51
34,80.66666666666667,85500,61,52,301,55
35,91.54166666666667,83000,51,47,59,50
36,92.125,81500,47,44,52,47
37,91.95833333333333,82000,48,46,47,48
38,91.5,82500,51,46,71,49
39,87.58333333333333,84500,54,50,133,53
40,92.75,82000,48,45,36,48
41,87.45833333333333,84000,58,49,143,52
42,92.91666666666667,83500,53,50,27,51
43,88.91666666666667,83500,53,48,108,51
44,94.91666666666667,77500,39,39,10,39
45,90.41666666666667,83000,51,47,69,50
46,90.58333333333333,83000,50,49,67,50
47,86.45833333333333,85000,56,51,161,54
48,90.45833333333333,84000,55,50,77,52
49,90.04166666666667,86000,59,53,72,56
50,92.875,82500,49,47,31,49
51,86.16666666666667,88000,61,57,160,60
52,88.16666666666667,85500,57,52,126,55
53,94.08333333333333,78500,41,38,27,41
54,91.5,82000,48,47,63,48
55,91.70833333333333,82000,50,45,57,48
56,88.58333333333333,87500,59,56,103,59
57,90.375,81500,56,44,91,47
58,88.5,84000,53,49,118,52
59,89.0,84500,57,50,107,53
60,93.20833333333333,82500,50,46,29,49
61,89.33333333333333,87000,59,55,88,58
62,90.66666666666667,84000,53,49,67,52
63,87.25,86500,58,54,143,57
64,90.58333333333333,85500,55,52,66,55
65,89.20833333333333,80500,48,42,131,45
66,80.41666666666667,87500,63,56,293,59
67,88.625,88000,61,57,108,60
68,91.08333333333333,82000,51,45,74,48
69,92.375,82500,49,46,43,49
70,91.08333333333333,85500,60,52,55,55
71,92.0,84500,54,50,51,53
72,88.70833333333333,83500,51,48,121,51
73,90.16666666666667,83000,50,49,85,50
74,80.58333333333333,87000,66,55,295,58
75,83.25,86000,63,53,226,56
76,79.70833333333333,86500,63,54,318,57
77,92.08333333333333,82000,50,45,45,48
78,88.08333333333333,86000,56,53,125,56
79,87.375,88500,61,58,139,61
80,87.66666666666667,83500,57,48,140,51
81,86.08333333333333,87000,58,56,162,58
82,89.04166666666667,84500,55,50,98,53
83,86.83333333333333,85000,61,51,149,54
84,90.58333333333333,87000,59,55,68,58
85,93.5,82000,48,45,14,48
86,92.375,83500,53,48,34,51
87,83.33333333333333,85500,55,52,234,55
88,89.0,83000,50,48,116,50
89,91.45833333333333,81500,47,45,74,47
90,85.625,86500,62,54,176,57
91,86.66666666666667,84500,56,50,155,53
92,89.0,85000,55,51,98,54
93,91.58333333333333,83500,51,50,54,51
94,86.58333333333333,87500,64,56,154,59
95,90.29166666666667,85000,54,52,71,54
96,95.20833333333333,75500,35,33,9,35
97,88.29166666666667,84500,59,50,119,53
98,90.91666666666667,86000,58,53,56,56
99,82.95833333333333,87500,59,57,240,59
