day,ready,waiting,repairing,stock,on_order,readiness
1,40,0,0,16,0,100.0
2,37,0,3,13,3,92.5
3,37,0,3,13,3,92.5
4,37,0,3,12,4,92.5
5,33,2,5,10,6,82.5
6,35,0,5,8,8,87.5
7,35,0,5,7,9,87.5
8,37,0,3,7,9,92.5
9,37,0,3,9,7,92.5
10,39,0,1,9,7,97.5
11,39,0,1,10,6,97.5
12,38,0,2,10,6,95.0
13,36,0,4,10,6,90.0
14,36,0,4,11,5,90.0
15,35,0,5,9,7,87.5
16,36,0,4,10,6,90.0
17,39,0,1,10,6,97.5
18,38,0,2,9,7,95.0
19,39,0,1,11,5,97.5
20,39,0,1,13,3,97.5
21,40,0,0,13,3,100.0
22,39,0,1,14,2,97.5
23,38,0,2,13,3,95.0
24,38,0,2,12,4,95.0
25,36,0,4,11,5,90.0
26,36,0,4,10,6,90.0
27,35,0,5,6,10,87.5
28,35,0,5,6,10,87.5
29,35,0,5,7,9,87.5
30,37,0,3,6,10,92.5
31,37,0,3,6,10,92.5
32,38,0,2,7,9,95.0
33,38,0,2,7,9,95.0
34,38,0,2,11,5,95.0
35,37,0,3,10,6,92.5
36,37,0,3,9,7,92.5
37,36,0,4,9,7,90.0
38,37,0,3,9,7,92.5
39,37,0,3,10,6,92.5
40,38,0,2,11,5,95.0
41,39,0,1,10,6,97.5
42,39,0,1,11,5,97.5
43,38,0,2,11,5,95.0
44,38,0,2,13,3,95.0
45,39,0,1,14,2,97.5
46,39,0,1,14,2,97.5
47,39,0,1,13,3,97.5
48,38,0,2,13,3,95.0
49,37,0,3,12,4,92.5
50,36,0,4,12,4,90.0
51,38,0,2,12,4,95.0
52,38,0,2,11,5,95.0
53,37,0,3,10,6,92.5
54,37,0,3,10,6,92.5
55,37,0,3,10,6,92.5
56,39,0,1,11,5,97.5
57,39,0,1,12,4,97.5
58,39,0,1,12,4,97.5
59,37,0,3,10,6,92.5
60,33,2,5,9,7,82.5
